country,year,CO2pc,1.4.1.SP_ACS_BSRVH2O.ALLAREA.BOTHSEX.ALLAGE,1.4.1.SP_ACS_BSRVSAN.ALLAREA.BOTHSEX.ALLAGE,1.4.1.SP_ACS_BSRVH2O.RURAL.BOTHSEX.ALLAGE,1.4.1.SP_ACS_BSRVSAN.RURAL.BOTHSEX.ALLAGE,1.4.1.SP_ACS_BSRVH2O.URBAN.BOTHSEX.ALLAGE,1.4.1.SP_ACS_BSRVSAN.URBAN.BOTHSEX.ALLAGE,2.a.2.DC_TOF_AGRL.ALLAREA.BOTHSEX.ALLAGE,2.1.1.SN_ITK_DEFC.ALLAREA.BOTHSEX.ALLAGE,2.1.1.SN_ITK_DEFCN.ALLAREA.BOTHSEX.ALLAGE,3.b.2.DC_TOF_HLTHL.ALLAREA.BOTHSEX.ALLAGE,3.b.1.SH_ACS_DTP3.ALLAREA.BOTHSEX.ALLAGE,3.1.1.SH_STA_MMR.ALLAREA.BOTHSEX.ALLAGE,3.3.2.SH_TBS_INCID.ALLAREA.BOTHSEX.ALLAGE,3.2.1.SH_DYN_IMRT.ALLAREA.BOTHSEX.YOUNG,3.2.1.SH_DYN_IMRTN.ALLAREA.BOTHSEX.YOUNG,3.2.1.SH_DYN_MORT.ALLAREA.BOTHSEX.YOUNG,3.2.1.SH_DYN_MORTN.ALLAREA.BOTHSEX.YOUNG,3.2.2.SH_DYN_NMRT.ALLAREA.BOTHSEX.YOUNG,3.2.2.SH_DYN_NMRTN.ALLAREA.BOTHSEX.YOUNG,3.2.1.SH_DYN_IMRT.ALLAREA.FEMALE.YOUNG,3.2.1.SH_DYN_IMRTN.ALLAREA.FEMALE.YOUNG,3.2.1.SH_DYN_MORT.ALLAREA.FEMALE.YOUNG,3.2.1.SH_DYN_MORTN.ALLAREA.FEMALE.YOUNG,3.2.1.SH_DYN_IMRT.ALLAREA.MALE.YOUNG,3.2.1.SH_DYN_IMRTN.ALLAREA.MALE.YOUNG,3.2.1.SH_DYN_MORT.ALLAREA.MALE.YOUNG,3.2.1.SH_DYN_MORTN.ALLAREA.MALE.YOUNG,5.5.1.SG_GEN_PARLNT.ALLAREA.BOTHSEX.ALLAGE,5.5.1.SG_GEN_PARL.ALLAREA.FEMALE.ALLAGE,5.5.1.SG_GEN_PARLN.ALLAREA.FEMALE.ALLAGE,6.a.1.DC_TOF_WASHL.ALLAREA.BOTHSEX.ALLAGE,6.2.1.SH_SAN_DEFECT.ALLAREA.BOTHSEX.ALLAGE,6.2.1.SH_SAN_DEFECT.RURAL.BOTHSEX.ALLAGE,6.2.1.SH_SAN_SAFE.RURAL.BOTHSEX.ALLAGE,6.1.1.SH_H2O_SAFE.URBAN.BOTHSEX.ALLAGE,6.2.1.SH_SAN_DEFECT.URBAN.BOTHSEX.ALLAGE,7.3.1.EG_EGY_PRIM.ALLAREA.BOTHSEX.ALLAGE,7.1.1.EG_ELC_ACCS.ALLAREA.BOTHSEX.ALLAGE,7.2.1.EG_FEC_RNEW.ALLAREA.BOTHSEX.ALLAGE,7.1.1.EG_ELC_ACCS.RURAL.BOTHSEX.ALLAGE,7.1.1.EG_ELC_ACCS.URBAN.BOTHSEX.ALLAGE,8.1.1.NY_GDP_PCAP.ALLAREA.BOTHSEX.ALLAGE,8.2.1.SL_EMP_PCAP.ALLAREA.BOTHSEX.ALLAGE,9.a.1.DC_TOF_INFRAL.ALLAREA.BOTHSEX.ALLAGE,9.2.1.NV_IND_MANF.ALLAREA.BOTHSEX.ALLAGE,9.2.1.NV_IND_MANFPC.ALLAREA.BOTHSEX.ALLAGE,9.b.1.NV_IND_TECH.ALLAREA.BOTHSEX.ALLAGE,10.b.1.DC_TRF_TOTL.ALLAREA.BOTHSEX.ALLAGE,15.a.1.DC_ODA_BDVL.ALLAREA.BOTHSEX.ALLAGE,15.b.1.DC_ODA_BDVL.ALLAREA.BOTHSEX.ALLAGE,15.1.2.ER_PTD_FRWRT.ALLAREA.BOTHSEX.ALLAGE,15.4.1.ER_PTD_MOTN.ALLAREA.BOTHSEX.ALLAGE,15.1.2.ER_PTD_TERRS.ALLAREA.BOTHSEX.ALLAGE,15.5.1.ER_RSK_LSTI.ALLAREA.BOTHSEX.ALLAGE,17.3.2.BX_TRF_PWKR.ALLAREA.BOTHSEX.ALLAGE,17.9.1.DC_FTA_TOTAL.ALLAREA.BOTHSEX.ALLAGE,17.4.1.DT_TDS_DECT.ALLAREA.BOTHSEX.ALLAGE,17.8.1.IT_USE_ii99.ALLAREA.BOTHSEX.ALLAGE
Bangladesh,2000,0.209033529,95.21504,25.64404,94.15292,20.06339,98.65534,43.720240000000004,333.55356,20.8,27.3,92.500884,82.0,399.0,221.0,64.0,230663.0,87.4,315996.0,42.4,154345.0,59.5,104753.0,84.0,148230.0,68.3,125910.0,90.8,167766.0,330.0,9.0909,30.0,84.42272,17.683770000000003,21.53814,13.785110000000001,44.55809,5.19914,3.59,32.0,59.01,16.73416,81.2,3.89,2.4,626.1352,13.54,67.4,21.08,1038.7103,,,20.760839999999998,0.0,37.795809999999996,0.83352,3.6866,198.36992,10.29935,0.07
Bangladesh,2001,0.23819657600000002,95.38698000000001,26.97425,94.3469,21.40944,98.66331,44.50379,99.81012,18.7,25.1,36.009137,85.0,384.0,221.0,61.0,218815.0,82.8,297835.0,40.8,147504.0,56.7,99416.0,79.4,139469.0,65.1,119399.0,86.1,158366.0,330.0,1.8182,6.0,137.54058,16.52019,20.2159,14.7132,44.561679999999996,4.87845,3.74,35.13769,55.8,21.614420000000003,77.59821,3.29,2.6,392.96634,13.72,70.6,21.08,872.8753,,,20.760839999999998,0.0,37.92072,0.82921,3.89795,207.80215,9.41041,0.13
Bangladesh,2002,0.24293710300000002,95.5634,28.333479999999998,94.54088,22.755489999999998,98.67126999999999,45.28734,76.38967,18.2,24.8,41.562424,83.0,365.0,221.0,58.2,207281.0,78.4,280208.0,39.3,140656.0,54.1,94087.0,74.9,130820.0,62.1,113194.0,81.6,149388.0,330.0,1.8182,6.0,36.92321,15.34467,18.89366,15.64129,44.56528,4.55776,3.7,37.68841,54.34,24.15926,78.65479,2.51,1.5,293.34767999999997,13.87,73.1,21.08,789.1519900000001,5.33448,5.33448,20.760839999999998,0.0,37.92072,0.82316,5.22267,140.26856,10.00799,0.14
Bangladesh,2003,0.252775808,95.73788,29.688129999999997,94.73486,24.10154,98.67924000000001,46.070879999999995,76.10395,17.5,24.4,37.062303,87.0,349.0,221.0,55.5,195945.0,74.1,262986.0,37.8,133963.0,51.6,88950.0,70.7,122584.0,59.2,106995.0,77.4,140402.0,300.0,2.0,6.0,21.187279999999998,14.180629999999999,17.57142,16.56938,44.56888,4.23707,3.66,40.21992,52.66,26.66602,79.71645,3.42,2.4,503.4462,14.06,76.6,20.55,1179.03569,65.20401,65.20401,20.760839999999998,0.0,37.92072,0.82021,5.30539,184.40972,8.09227,0.16
Bangladesh,2004,0.262985794,95.91029,31.037770000000002,94.92883,25.447589999999998,98.68721,46.85443,63.49149,17.1,24.1,34.805594,99.0,333.0,221.0,53.0,184889.0,70.1,246255.0,36.3,127287.0,49.2,83845.0,66.7,114463.0,56.6,101044.0,73.4,131792.0,300.0,2.0,6.0,18.7882,13.0286,16.24918,17.49747,44.57248,3.9163900000000003,3.59,40.6,52.15,27.98524,76.6,4.55,2.7,442.20152,14.17,80.8,20.55,1539.88569,25.79926,25.79926,20.760839999999998,0.0,37.92072,0.81696,5.50437,337.54615,6.82865,0.2
Bangladesh,2005,0.27132119600000004,96.00988000000001,32.41222,95.06603,26.996990000000004,98.58666,47.19631,65.69599000000001,16.6,23.8,61.01299100000001,93.0,319.0,221.0,50.4,173970.0,66.2,229990.0,34.9,120571.0,46.8,78806.0,62.8,106638.0,53.9,95164.0,69.4,123352.0,300.0,2.0,6.0,24.15633,11.88915,14.92695,18.56596,44.57608,3.5957,3.52,44.23,50.81,30.16573,82.61,4.39,4.0,405.28508,14.47,86.1,17.53,1624.7675,43.53821,43.53821,20.760839999999998,0.0,37.92072,0.8125,6.68518,190.52719,6.863110000000001,0.24
Bangladesh,2006,0.295496227,96.10641,33.783159999999995,95.20299999999999,28.566809999999997,98.48608,47.52366,68.93298,16.3,23.8,145.264081,94.0,303.0,221.0,48.0,163354.0,62.5,214256.0,33.4,113958.0,44.5,73996.0,59.2,99135.0,51.3,89358.0,65.7,115121.0,345.0,14.7826,51.0,34.88839,10.76229,13.60471,19.64854,44.579679999999996,3.27501,3.54,50.5251,48.94,40.3114,77.79914000000001,5.21,4.0,209.80667000000003,15.03,94.1,20.17,1136.1958300000001,81.49929,81.49929,20.760839999999998,0.0,37.92072,0.80711,7.55721,235.30549,5.013330000000001,1.0
Bangladesh,2007,0.29744924,96.19977,35.1492,95.33974,30.157059999999998,98.3855,47.83648,73.52145,16.3,23.9,66.871914,94.0,288.0,221.0,45.6,153069.0,58.9,199354.0,32.0,107454.0,42.3,69284.0,55.7,92050.0,48.8,83785.0,62.0,107304.0,,,,242.11467000000002,9.648480000000001,12.28247,20.74523,44.58328,2.95432,3.42,46.5,47.52,32.36705,82.1,5.77,5.4,250.20102000000003,15.52,102.7,17.53,1520.26435,3.8081400000000003,3.8081400000000003,20.760839999999998,0.0,37.92072,0.80371,8.24288,239.85927999999998,6.3777,1.8
Bangladesh,2008,0.324635257,96.28985,36.50894,95.47625,31.767740000000003,98.28489,48.13476,171.47856000000002,16.4,24.4,146.910185,96.0,273.0,221.0,43.3,143395.0,55.6,185347.0,30.5,100975.0,40.1,64817.0,52.4,85361.0,46.4,78578.0,58.6,99986.0,,,,154.51181,8.54818,10.960230000000001,21.855999999999998,44.586870000000005,2.63364,3.35,52.61421,45.62,39.20994,85.2095,4.83,4.6,366.32457999999997,15.71,109.0,17.53,2534.26537,66.87916,66.87916,20.760839999999998,0.0,37.92072,0.80019,9.75716,387.62737999999996,4.8038,2.5
Bangladesh,2009,0.34756379200000004,96.37656,37.86105,95.61251999999999,33.39886,98.18427,48.41852,123.96495,16.6,25.0,145.424319,97.0,258.0,221.0,41.1,134276.0,52.3,172215.0,28.9,94676.0,38.0,60722.0,49.3,79232.0,44.0,73554.0,55.2,92983.0,300.0,6.3333,19.0,82.30228000000001,7.4618,9.63799,22.98088,44.59047,2.31295,3.36,55.11505,43.72,41.81803,86.34741,3.89,4.3,266.18222000000003,15.96,115.0,9.14,1943.19533,38.92181,38.92181,20.760839999999998,0.0,42.79444,0.79645,10.26628,173.79308999999998,5.4252,3.1
Bangladesh,2010,0.383057461,96.45987,39.204609999999995,95.74856,35.0504,98.08363,48.68775,178.42998,16.9,25.7,180.82510200000002,94.0,242.0,221.0,38.9,125861.0,49.2,160140.0,27.4,88612.0,36.1,56932.0,46.3,73565.0,41.7,68929.0,52.0,86575.0,345.0,18.5507,64.0,174.88564,6.38949,8.315760000000001,24.11984,44.59407,1.99226,3.39,55.26,41.07,39.92297,90.1,4.4,2.1,426.93275,16.12,121.3,9.14,1359.88893,34.04462,34.04462,20.760839999999998,0.0,48.00274,0.7922399999999999,9.41213,263.16687,4.556109999999999,3.7
Bangladesh,2011,0.400212474,96.53966,40.5381,95.88438000000001,36.72238,97.98297,48.94246,200.02506,17.0,26.1,152.383147,96.0,228.0,221.0,36.9,118144.0,46.3,149122.0,25.9,82947.0,34.2,53422.0,43.5,68389.0,39.5,64722.0,49.0,80733.0,345.0,18.5507,64.0,180.63353999999998,5.33174,6.993519999999999,25.27291,44.59767,1.67157,3.29,59.6,39.47,45.64367,90.2,5.25,4.9,464.42411,16.66,131.9,9.76,1957.65045,49.2539,49.2539,20.760839999999998,0.0,48.01794,0.78772,9.38376,327.19698999999997,5.34195,4.5
Bangladesh,2012,0.421266087,96.61577,41.85974,96.01996,38.41479,97.88229,49.182629999999996,247.29126000000002,17.0,26.5,127.906852,94.0,214.0,221.0,35.0,111001.0,43.6,139002.0,24.4,77688.0,32.4,50152.0,40.8,63590.0,37.5,60849.0,46.2,75412.0,350.0,19.7143,69.0,158.34161,4.28906,5.67128,26.44006,44.60127,1.35089,3.24,62.87481,38.63,49.75795,90.66254,5.28,4.9,929.4291099999999,17.2,143.4,9.76,3140.91973,57.996719999999996,57.996719999999996,20.760839999999998,0.0,48.01794,0.78557,10.58794,513.60013,5.17782,5.0
Bangladesh,2013,0.429688135,96.68811,43.16815,96.1553,40.127629999999996,97.7816,49.40827,308.01493999999997,16.8,26.4,255.70040699999998,96.0,201.0,221.0,33.2,104421.0,41.0,129767.0,23.1,72959.0,30.6,47119.0,38.3,59206.0,35.6,57302.0,43.6,70561.0,350.0,19.7143,69.0,152.42418999999998,3.26172,4.3490400000000005,27.62132,44.60487,1.0302,3.18,61.5,38.71,48.563829999999996,88.0,4.77,4.5,991.7370099999999,17.89,156.3,9.76,2716.61917,88.53112,88.53112,20.760839999999998,0.0,48.02492,0.78056,9.24522,567.74835,5.20902,6.63
Bangladesh,2014,0.44631946299999997,96.75671,44.4627,96.29042,41.860890000000005,97.68089,49.61938,314.09309,16.5,26.2,145.19148700000002,97.0,188.0,221.0,31.5,98293.0,38.6,121257.0,21.9,68726.0,29.0,44332.0,36.0,55172.0,33.7,53961.0,41.2,66085.0,297.0,6.3973,19.0,214.70064,2.2497,3.0268,28.816670000000002,44.608470000000004,0.7095100000000001,3.09,62.4,37.55,48.09792,90.7,4.84,4.1,964.20915,18.35,168.1,9.76,2918.34825,197.00695,197.00695,20.760839999999998,0.0,48.02492,0.7765,8.66905,427.09177999999997,4.91585,13.9
Bangladesh,2015,0.517992107,96.82151,45.74216,96.42531,43.61459,97.58015999999999,49.81597,249.95377000000002,15.8,25.5,222.189033,97.0,176.0,221.0,29.8,92525.0,36.4,113357.0,20.7,64518.0,27.5,41644.0,33.8,51488.0,32.0,50881.0,38.8,61869.0,350.0,20.0,70.0,242.05792999999997,1.25316,1.7045700000000001,30.02611,44.61206,0.38882,3.13,73.1742,34.56,62.36091,93.76201999999999,5.37,4.6,1075.4682699999998,19.0,183.3,9.76,3087.7419800000002,41.671640000000004,41.671640000000004,20.760839999999998,0.0,48.02492,0.77286,7.8407,455.41794000000004,3.55671,14.4
Bangladesh,2016,0.523183748,96.88253,47.0058,96.55996,45.38872,97.47941,49.998020000000004,269.19655,15.2,24.8,206.48598700000002,97.0,,221.0,28.3,87197.0,34.3,106120.0,19.5,60140.0,26.0,39163.0,31.8,48012.0,30.4,48034.0,36.7,58108.0,350.0,20.0,70.0,243.66361,0.2721,0.38233,31.24965,44.61566,0.06813,3.06,75.92,33.96,66.0084,94.01,5.96,5.2,1340.1155199999998,19.81,202.6,9.76,3546.3681799999995,68.96079,68.96079,20.760839999999998,0.0,48.02492,0.76899,6.13069,533.5392400000001,3.08828,18.02
Bangladesh,2017,0.53475189,97.01601,48.23324,96.75255,46.85736,97.48727,50.6944,279.96958,,,225.68901400000001,97.0,,221.0,26.9,82240.0,32.4,99608.0,18.4,56341.0,24.7,36874.0,30.0,44993.0,28.9,45366.0,34.7,54615.0,350.0,20.2857,71.0,283.5302,0.0,0.0,32.33938,44.61926,0.0,,88.0,,81.28050999999999,99.5,6.16,1.3,2207.72698,20.47,222.5,,6325.01612,21.25304,21.25304,20.760839999999998,0.0,48.02492,0.7649600000000001,5.40526,696.4922,3.54035,18.02
Bangladesh,2018,,,,,,,,,,,,,,,,,,,,,,,,,,,,,350.0,20.2857,71.0,,,,,,,,,,,,,5.2,,21.14,244.2,,,,,20.760839999999998,0.0,48.02492,0.76026,,,,
Bangladesh,2019,,,,,,,,,,,,,,,,,,,,,,,,,,,,,348.0,20.6897,72.0,,,,,,,,,,,,,,,,,,,,,,,,0.75661,,,,
Ethiopia,2000,0.052057802,18.69521,3.40384,8.6159,1.23115,76.99656,15.97127,78.47638,52.0,34.6,19.544609,30.0,897.0,421.0,88.2,251743.0,142.6,401126.0,48.7,141752.0,77.7,108977.0,131.6,181624.0,98.2,142766.0,153.1,219502.0,543.0,2.0258,11.0,10.698830000000001,79.05292,88.77183000000001,1.01363,30.724359999999997,22.83621,32.25,12.7,95.95,1.72193,76.2,3.05,2.1,181.23983,4.36,7.5,11.74,681.71064,,,16.18036,19.53732,17.59842,0.84106,0.64494,101.06069000000001,13.6317,0.02
Ethiopia,2001,0.062246193,20.28878,3.64019,10.30129,1.43846,77.21016999999999,16.18844,90.28596999999999,49.0,33.5,22.810748,32.0,871.0,409.0,84.9,245009.0,136.6,389664.0,47.7,140051.0,74.6,105863.0,125.9,176118.0,94.7,139146.0,146.9,213546.0,546.0,7.6923,42.0,37.72255,75.67,85.12342,1.20994,32.96203,21.79243,30.9,25.59439,95.08,16.182029999999997,79.23795,5.21,4.6,73.99580999999999,4.17,7.6,8.89,1048.5706400000001,,,16.18036,19.53732,17.59842,0.84101,0.22249000000000002,203.04146,18.38973,0.04
Ethiopia,2002,0.06284630599999999,21.84036,3.87716,11.94108,1.6457700000000002,77.42115,16.40561,81.48722,46.7,32.9,53.103605,35.0,846.0,393.0,81.5,236821.0,130.4,375752.0,46.7,137850.0,71.5,102114.0,119.9,169583.0,91.0,134707.0,140.4,206169.0,547.0,7.6782,42.0,24.34217,72.29439,81.475,1.40515,35.2233,20.74865,31.35,26.48426,95.02,16.97338,79.88434000000001,-1.37,-2.0,343.09207999999995,4.16,7.5,7.3,1089.33,18.716520000000003,18.716520000000003,16.18036,19.53732,17.59842,0.84111,0.42017,133.09325,7.90545,0.07
Ethiopia,2003,0.067146083,23.348110000000002,4.114319999999999,13.535279999999998,1.8530799999999998,77.6295,16.62278,120.03805,44.2,32.1,109.450023,37.0,814.0,376.0,77.9,227584.0,124.0,359905.0,45.7,135255.0,68.2,97864.0,113.8,162177.0,87.2,129720.0,133.6,197728.0,547.0,7.6782,42.0,38.00543,68.92815999999999,77.82659,1.60037,35.62231,19.70488,33.06,27.35492,94.75,17.74105,80.5358,-4.92,-5.6,197.96698,4.29,7.3,6.6,1642.0116699999999,6.956169999999999,6.956169999999999,16.18036,19.53732,17.59842,0.8411299999999999,0.53887,79.14313,7.16333,0.11
Ethiopia,2004,0.069127783,24.81286,4.33631,15.08389,2.04277,77.83521999999999,16.83598,119.0644,42.0,31.3,57.713136,40.0,780.0,358.0,74.3,217766.0,117.5,342883.0,44.5,132122.0,64.9,93410.0,107.6,154213.0,83.3,124356.0,126.9,188670.0,547.0,7.6782,42.0,34.376290000000004,65.5708,74.17817,1.78023,35.82396,18.6611,29.98,28.201459999999997,94.66,18.47727,81.19778000000001,10.41,9.4,231.40984,4.03,7.6,7.96,1674.04467,38.022079999999995,38.022079999999995,16.18036,19.53732,17.59842,0.8413799999999999,1.3201100000000001,178.22308999999998,5.50917,0.16
Ethiopia,2005,0.064581197,26.23477,4.555680000000001,16.58691,2.22892,78.0383,17.04908,96.53577,39.7,30.5,85.945564,44.0,743.0,341.0,70.7,207679.0,111.0,325207.0,43.3,128909.0,61.6,88918.0,101.6,146008.0,79.4,118761.0,120.1,179199.0,547.0,7.6782,42.0,123.20971999999999,62.22251,70.52976,1.9567599999999998,36.02561,17.61732,27.47,14.0,95.13,0.64662,85.7,8.75,7.8,279.83217,4.06,8.3,6.26,1920.2346699999998,8.76678,8.76678,16.18036,19.53732,17.59842,0.8411700000000001,1.3992200000000001,127.11198,4.2992300000000006,0.22
Ethiopia,2006,0.06743049400000001,27.61464,4.77261,18.04433,2.41152,78.23876,17.262079999999997,145.22573,38.5,30.3,172.730981,46.0,698.0,325.0,67.2,198004.0,104.9,308093.0,42.1,125638.0,58.4,84542.0,95.6,137952.0,75.6,113462.0,113.6,170141.0,546.0,21.4286,117.0,132.61198000000002,58.882909999999995,66.88134000000001,2.12994,36.22726,16.57355,25.53,29.827070000000003,94.94,19.85781,82.56149,7.85,7.4,389.78598,4.05,8.9,6.86,2017.906,10.6971,10.6971,16.18036,19.53732,17.59842,0.8411299999999999,1.12659,173.29431,5.80117,0.31
Ethiopia,2007,0.071954632,28.961440000000003,4.98934,19.45615,2.59058,78.43658,17.474970000000003,125.27341000000001,37.2,30.1,221.21962000000002,50.0,654.0,310.0,63.9,189064.0,99.0,292052.0,40.8,122174.0,55.4,80527.0,90.1,130461.0,72.0,108537.0,107.5,161591.0,529.0,21.9282,116.0,131.85152,55.54509,63.23293,2.2997900000000002,36.428909999999995,15.529770000000001,23.64,79.93088,94.57,79.29068000000001,83.26315,8.5,8.0,363.76384,3.94,9.4,9.64,2519.76411,15.77201,15.77201,16.18036,20.71965,18.62653,0.8412299999999999,1.8157400000000001,268.14064,4.62067,0.37
Ethiopia,2008,0.076517077,30.366709999999998,5.22965,20.82238,2.76609,78.63176999999999,17.68776,142.87651,35.6,29.6,131.8053,54.0,608.0,296.0,60.8,180863.0,93.5,277110.0,39.5,119044.0,52.6,76873.0,84.9,123482.0,68.6,103990.0,101.7,153628.0,529.0,21.9282,116.0,136.80623,52.13875,59.58452,2.4663,36.63055,14.48599,21.98,31.444979999999997,94.52,21.05669,83.97788,7.88,7.4,421.71666,3.92,10.1,7.73,3178.78775,23.89861,23.89861,16.18036,20.71965,18.62653,0.8411799999999999,1.42867,364.23843999999997,2.91661,0.45
Ethiopia,2009,0.07531407700000001,31.727829999999997,5.46819,22.14302,2.93805,78.82434,17.90045,427.43195999999995,33.7,28.8,249.570727,58.0,566.0,282.0,57.9,173475.0,88.4,263561.0,38.2,116010.0,50.1,73669.0,80.1,117261.0,65.4,99806.0,96.3,146300.0,529.0,21.9282,116.0,139.49757,48.75038,55.9361,2.62947,36.8322,13.44222,20.76,32.28497,94.61,21.61662,84.7056,5.96,5.6,561.55341,3.93,10.8,9.41,4069.68885,67.7322,67.7322,16.18036,20.71965,18.62653,0.8412700000000001,0.80648,824.45807,2.78314,0.54
Ethiopia,2010,0.072925194,33.04677,5.7054599999999995,23.41807,3.1064700000000003,79.01427,18.113039999999998,237.81249,32.1,28.1,192.643803,61.0,523.0,268.0,55.3,166949.0,83.7,251358.0,36.9,113052.0,47.7,70809.0,75.7,111528.0,62.5,96140.0,91.3,139830.0,529.0,21.9282,116.0,121.62151999999999,45.37927,52.287690000000005,2.7893,37.03385,12.398439999999999,18.95,33.16375,94.52,22.21226,85.44619,9.62,9.0,347.41116,3.9,11.7,10.92,3709.96066,184.31843,184.31843,16.18036,20.71965,18.62653,0.84124,1.15305,381.28582,3.7089199999999996,0.75
Ethiopia,2011,0.08305635,34.32268,5.9412,24.64752,3.2713400000000004,79.20156999999999,18.32552,248.34765,30.7,27.6,305.709496,65.0,482.0,253.0,52.7,161040.0,79.2,240200.0,35.6,110200.0,45.5,68284.0,71.5,106374.0,59.6,92756.0,86.6,133826.0,547.0,27.7879,152.0,141.59067,42.02684,48.63927,2.94579,37.2355,11.35466,17.55,23.0,94.01,9.590689999999999,85.2,10.21,7.4,458.01775,4.06,13.4,10.41,3512.69249,59.48446,59.48446,16.18036,20.71965,18.62653,0.84135,1.60624,419.95083,5.86734,1.1
Ethiopia,2012,0.08815631,35.556940000000004,6.1757800000000005,25.83137,3.43267,79.38623,18.5379,297.6394,29.0,26.8,323.235055,62.0,447.0,239.0,50.4,155642.0,75.1,230014.0,34.3,107463.0,43.4,65885.0,67.6,101619.0,57.0,89757.0,82.2,128395.0,547.0,27.7879,152.0,183.23565,38.69298,44.99086,3.0989400000000002,37.43714,10.310889999999999,16.69,35.06219,93.75,23.5456,86.96294,5.83,4.9,358.50878,4.18,14.6,11.42,3324.87034,96.30503,96.30503,16.18036,20.71965,18.62653,0.84136,2.16465,431.33700999999996,7.05178,2.9
Ethiopia,2013,0.106232779,36.73983,6.40637,26.969640000000002,3.59045,79.56827,18.75018,295.62671,26.9,25.5,567.7082230000001,59.0,410.0,224.0,48.2,150446.0,71.2,220466.0,33.1,104750.0,41.5,63647.0,63.9,97120.0,54.5,86799.0,78.1,123346.0,547.0,27.7879,152.0,170.03845,35.38445,41.34244,3.24876,37.63879,9.26711,15.63,36.06813,93.0,24.28164,87.73516,7.73,6.9,494.02207999999996,4.42,16.7,16.7,3864.38199,190.27296,190.27296,16.18036,20.71965,18.62653,0.84134,1.7483,302.31821,10.67245,4.6
Ethiopia,2014,0.112883162,37.88149,6.635739999999999,28.062309999999997,3.7446900000000003,79.74768,18.96236,342.22081000000003,24.7,24.0,406.779511,61.0,378.0,207.0,46.1,145625.0,67.5,211535.0,31.9,102094.0,39.7,61581.0,60.5,93021.0,52.2,84044.0,74.2,118514.0,547.0,27.7879,152.0,206.37918,32.09518,37.69403,3.39523,37.84044,8.22333,14.68,27.2,92.07,12.00608,91.98252,7.46,6.4,416.27979,4.68,18.9,16.07,3874.4307299999996,136.37908000000002,136.37908000000002,16.18036,20.71965,18.62653,0.8415299999999999,3.23018,463.6103,11.81546,7.7
Ethiopia,2015,0.12397166800000001,38.98173,6.86379,29.109379999999998,3.8953800000000003,79.92445,19.174429999999997,359.20637999999997,22.8,22.8,388.725345,73.0,353.0,192.0,44.2,141119.0,64.2,203121.0,30.8,99519.0,38.0,59642.0,57.4,89188.0,50.1,81477.0,70.5,113933.0,547.0,27.7879,152.0,198.43838,28.826079999999997,34.045609999999996,3.5383699999999996,38.04209,7.17955,13.69,29.0,92.17,15.49695,85.0,7.62,6.6,406.52066,5.01,21.8,16.07,4117.75367,307.69907,307.69907,16.18036,20.71965,18.62653,0.84159,1.68618,186.27817,17.11221,13.86
Ethiopia,2016,0.126381721,40.04142,7.090739999999999,30.11086,4.04252,80.0986,19.38641,493.14439000000004,21.4,21.9,366.76777999999996,73.0,,177.0,42.5,136965.0,61.2,195563.0,29.8,97138.0,36.6,57869.0,54.6,85735.0,48.1,79096.0,67.3,109828.0,547.0,38.7569,212.0,204.15025,25.57742,30.3972,3.6781699999999997,38.24374,6.1357800000000005,13.1,42.9,91.86,32.36384,85.4,4.9,4.1,463.42034,5.51,25.2,16.07,4934.44852,158.60442,158.60442,16.18036,20.71965,18.62653,0.8415799999999999,1.05784,117.68396000000001,20.45824,15.37
Ethiopia,2017,0.127634983,41.05995,7.316330000000001,31.06675,4.18612,80.27011,19.59828,388.46232000000003,,,381.779053,73.0,,164.0,41.0,133153.0,58.5,188690.0,28.9,94978.0,35.3,56242.0,52.1,82481.0,46.5,76911.0,64.5,106209.0,547.0,38.7569,212.0,217.58661,22.35029,26.74878,3.81463,38.44538,5.092,,44.3,,30.97069,96.6,8.41,6.6,581.35928,5.6,27.7,,5258.23686,306.45976,306.45976,16.18036,20.71965,18.62653,0.8415,0.48781,229.80257999999998,20.59046,18.62
Ethiopia,2018,,,,,,,,,,,,,,,,,,,,,,,,,,,,,547.0,38.7569,212.0,,,,,,,,,,,,,3.9,,5.68,29.5,,,,,16.18036,20.71965,18.62653,0.84165,,,,
Ethiopia,2019,,,,,,,,,,,,,,,,,,,,,,,,,,,,,547.0,38.7569,212.0,,,,,,,,,,,,,,,,,,,,,,,,0.84185,,,,
Tanzania,2000,0.07522218,27.31069,4.2651,16.484,2.45292,65.0146,10.57602,127.69445,36.5,12.5,21.762335999999998,79.0,842.0,503.0,79.5,111650.0,130.4,178761.0,32.7,47152.0,75.2,52065.0,125.1,84522.0,83.6,59585.0,135.4,94239.0,275.0,22.1818,61.0,53.024359999999994,9.664010000000001,11.71895,2.35604,3.71065,2.50766,11.46,9.58685,93.73,2.71397,33.52162,2.18,1.9,410.91997000000003,5.75,27.7,20.21,1229.31383,,,33.51703,58.70225,53.961209999999994,0.78488,0.05981,262.8919,11.2312,0.12
Tanzania,2001,0.086556501,28.715970000000002,5.759469999999999,17.79713,3.7745300000000004,65.95293000000001,12.52876,57.067440000000005,36.9,13.0,23.861792,87.0,813.0,506.0,75.1,108517.0,122.6,172673.0,31.8,47112.0,70.8,50521.0,117.5,81559.0,79.1,57996.0,127.4,91114.0,275.0,22.1818,61.0,24.62448,9.846589999999999,12.012410000000001,3.64716,3.7657800000000003,2.46043,11.42,10.34285,93.23,3.17194,34.79808,3.24,3.0,335.78218,5.69,28.3,20.21,1301.61825,,,36.04188,60.19526,54.91465,0.77855,0.11231,169.88717,7.47089,0.17
Tanzania,2002,0.096576235,30.12091,7.25891,19.11026,5.09615,66.89126999999999,14.4815,72.6515,36.8,13.3,29.644334999999998,89.0,777.0,509.0,70.6,105238.0,114.7,166295.0,30.8,47031.0,66.5,48837.0,109.7,78381.0,74.6,56401.0,119.4,87914.0,274.0,22.2628,61.0,37.94615,10.02619,12.305860000000001,4.938280000000001,3.82091,2.4132,11.2,11.08458,92.49,3.60163,36.074059999999996,4.26,4.1,137.6683,5.71,29.6,19.32,1045.02023,27.661990000000003,27.661990000000003,36.644459999999995,61.72905,56.41321,0.77436,0.08485,181.56524,5.0374099999999995,0.22
Tanzania,2003,0.09922797300000001,31.61647,8.782760000000001,20.423389999999998,6.41777,67.8296,16.43425,107.294,36.8,13.7,28.285504,95.0,747.0,510.0,66.5,102118.0,107.2,160194.0,29.8,46921.0,62.4,47254.0,102.4,75379.0,70.4,54864.0,111.8,84815.0,274.0,22.2628,61.0,71.46333,10.183110000000001,12.599310000000001,6.22939,3.87604,2.36596,10.9,11.1,92.39,3.24914,36.5,3.86,3.7,237.67098,5.82,31.3,8.32,1643.30473,25.57818,25.57818,36.644459999999995,61.72905,56.41321,0.76867,0.058460000000000005,214.64142999999999,3.6901599999999997,0.68
Tanzania,2004,0.110631585,33.29903,10.29261,21.87894,7.71744,69.02457,18.34854,127.19965,35.7,13.7,57.566409,95.0,717.0,510.0,62.7,99430.0,100.5,154836.0,28.8,46855.0,58.7,45911.0,95.8,72765.0,66.5,53519.0,104.9,82071.0,295.0,21.3559,63.0,38.885909999999996,10.33142,12.89276,7.49919,7.0644100000000005,2.31873,10.72,11.4,91.75,2.6093,38.9,4.69,4.6,249.52447999999998,5.9,33.3,4.89,1787.73487,11.186919999999999,11.186919999999999,36.644459999999995,61.72905,58.37862,0.7628,0.08274,267.39711,4.14151,0.88
Tanzania,2005,0.136006883,34.99776,11.80345,23.35171,9.00962,70.22655,20.25467,106.78198,34.4,13.6,81.941466,90.0,687.0,510.0,59.3,96899.0,94.3,149970.0,28.0,46884.0,55.3,44639.0,89.8,70331.0,63.0,52260.0,98.7,79639.0,295.0,21.3559,63.0,57.27588000000001,10.47445,13.18622,8.761660000000001,10.34067,2.27149,10.39,13.177879999999998,91.03,4.32696,39.95151,4.15,4.8,193.72756,6.03,35.4,3.7,1669.02238,5.474530000000001,5.474530000000001,36.644459999999995,62.85999,59.18703000000001,0.75756,0.10525999999999999,255.37456,3.9948900000000003,1.1
Tanzania,2006,0.144678237,36.71286,13.315560000000001,24.84168,10.2943,71.43552,22.15263,127.55238,33.4,13.6,98.082656,90.0,652.0,504.0,56.8,95619.0,89.3,146388.0,27.2,46926.0,52.9,43982.0,84.9,68562.0,60.4,51637.0,93.5,77826.0,319.0,30.4075,97.0,92.37751,10.61202,13.47967,10.02778,13.7048,2.2242599999999997,10.28,13.83479,90.93,4.45523,41.2696,1.54,1.2,176.01987,6.24,37.2,1.38,2042.40023,7.5173,7.5173,40.34287,63.45671,60.68648,0.75173,0.08247,304.08702,2.13227,1.3
Tanzania,2007,0.136206664,38.44358,14.829020000000002,26.34886,11.571480000000001,72.65151,24.04243,116.8542,33.2,13.9,122.291385,83.0,608.0,492.0,54.2,93830.0,84.7,142994.0,26.5,46970.0,50.4,43052.0,80.3,66851.0,57.7,50778.0,88.8,76143.0,319.0,30.4075,97.0,143.67439,10.744110000000001,13.77312,11.28652,17.15682,2.17703,9.82,14.48978,91.38,4.5507,42.60085,5.08,5.0,213.40215,6.42,40.3,1.38,2382.98936,51.58337,51.58337,43.08532,66.03159000000001,62.57131999999999,0.74736,0.11656,321.16019,1.0701,1.6
Tanzania,2008,0.13721720699999998,40.190540000000006,16.34425,27.87325,12.84117,73.87449000000001,25.92406,158.70718,34.1,14.8,172.172496,86.0,566.0,474.0,51.9,92248.0,80.5,139766.0,25.9,46970.0,48.2,42281.0,76.2,65242.0,55.4,49967.0,84.5,74524.0,319.0,30.4075,97.0,148.89315,10.87038,14.066579999999998,12.53788,20.696720000000003,2.1297900000000003,9.62,11.5,91.08,1.04177,40.1,2.25,2.4,274.23276,6.77,43.4,11.17,2519.1482899999996,29.67346,29.67346,43.08532,66.03159000000001,62.57131999999999,0.74161,0.13178,394.36839,0.6186,1.9
Tanzania,2009,0.127482921,41.95163,17.86091,29.41485,14.103370000000002,75.10448000000001,27.79753,151.96272,34.5,15.4,191.040547,85.0,542.0,452.0,50.3,91583.0,76.9,137233.0,25.3,46917.0,46.6,41911.0,72.8,63954.0,53.7,49672.0,80.9,73279.0,319.0,30.4075,97.0,208.66702,10.99121,14.360029999999998,13.78186,24.3245,2.08256,9.38,11.2,91.67,0.0,43.5,2.11,2.8,368.24498,6.73,44.1,8.56,3333.28216,55.69896,55.69896,43.127590000000005,67.53634,63.717380000000006,0.73693,0.13695,501.70825,1.0432700000000001,2.4
Tanzania,2010,0.148390796,43.72837,19.37971,30.97366,15.358070000000001,76.34148,29.66283,195.70978,34.6,16.0,217.93992999999998,91.0,514.0,426.0,48.1,89531.0,73.4,134055.0,24.7,46782.0,44.5,40903.0,69.3,62401.0,51.4,48628.0,77.2,71654.0,323.0,30.6502,99.0,207.17528000000001,11.106010000000001,14.653479999999998,15.01844,28.040159999999997,2.03532,9.27,14.8,90.35,2.51973,46.2,3.0,4.3,482.70425,6.89,46.5,12.0,3030.8060600000003,42.04059,42.04059,43.127590000000005,67.56902,63.954330000000006,0.73131,1.07542,492.09846,1.32664,2.9
Tanzania,2011,0.164113316,45.519079999999995,20.90041,32.54967,16.60528,77.58547,31.519959999999998,110.98489,33.6,16.0,213.38237900000001,90.0,483.0,401.0,46.2,87834.0,69.5,129792.0,24.1,46617.0,42.7,40096.0,65.5,60276.0,49.4,47738.0,73.3,69516.0,350.0,36.0,126.0,162.10175,11.21505,14.94694,16.1367,31.843709999999998,1.9880900000000001,9.08,14.2,88.55,2.59214,42.9,4.6,5.9,435.45429,6.83,48.2,12.14,2438.84641,100.01346,100.01346,43.127590000000005,67.56902,63.954330000000006,0.72569,1.1817600000000001,219.98293999999999,0.98961,3.2
Tanzania,2012,0.188213486,47.32437,22.423460000000002,34.14289,17.84499,78.83648000000001,33.36892,137.36434,33.0,16.2,250.597485,92.0,464.0,378.0,44.8,86933.0,66.2,126333.0,23.6,46506.0,41.4,39628.0,62.2,58541.0,48.1,47305.0,70.0,67792.0,350.0,36.0,126.0,209.46362,11.317960000000001,15.24039,17.19424,32.88961,1.9408599999999998,9.16,15.3,86.39,2.2909,46.4,1.9,2.5,562.8532700000001,6.76,48.6,11.48,2851.51474,48.62765,48.62765,43.127590000000005,67.56902,63.954330000000006,0.72004,0.9839399999999999,319.16823,0.92285,3.95
Tanzania,2013,0.2154965,49.14258,23.94858,35.75333,19.07721,80.09448,35.209720000000004,153.20264,32.6,16.5,306.697953,91.0,438.0,336.0,43.5,85965.0,63.6,123845.0,23.1,46333.0,40.1,39150.0,59.7,57304.0,46.7,46815.0,67.2,66541.0,350.0,36.0,126.0,181.00463,11.41504,15.53384,18.24536,33.30433,1.89362,8.85,16.4,86.65,1.73545,50.3,3.97,4.6,863.71833,6.71,50.2,6.83,3647.2538,119.23149,119.23149,43.127590000000005,67.56902,63.954330000000006,0.71511,0.83609,310.41584,2.36136,4.4
Tanzania,2014,0.21520656300000002,50.97209,25.47539,37.38097,20.30193,81.35949000000001,37.042359999999995,145.40961000000001,32.2,16.8,277.02871600000003,97.0,418.0,327.0,42.4,85450.0,61.3,121751.0,22.5,46120.0,39.1,38856.0,57.4,56205.0,45.6,46594.0,64.9,65546.0,350.0,36.0,126.0,156.7225,11.506639999999999,15.8273,19.29005,33.71905,1.8463900000000002,8.55,23.5,86.7,10.03742,53.6,3.69,3.8,604.86658,6.71,52.0,6.83,3251.08214,127.03453999999999,127.03453999999999,43.127590000000005,67.56902,63.954330000000006,0.71036,0.77952,401.60309,2.05918,7.0
Tanzania,2015,0.231134251,52.812619999999995,27.003970000000002,39.02582,21.51915,82.6315,38.866820000000004,127.73753,32.1,17.3,319.51325099999997,98.0,398.0,306.0,41.0,84261.0,58.3,118254.0,22.0,45934.0,37.8,38303.0,54.5,54470.0,44.1,45958.0,62.0,63784.0,350.0,36.0,126.0,132.95483000000002,11.59269,16.12075,20.328310000000002,34.133759999999995,1.7991599999999999,8.36,26.57387,85.72,11.804960000000001,58.5169,3.68,3.6,706.96022,6.68,53.7,6.83,2775.37705,169.03878,169.03878,43.127590000000005,67.56902,63.954330000000006,0.70517,0.81845,488.80894000000006,2.8246599999999997,10.0
Tanzania,2016,0.244811105,54.66305,28.534029999999998,40.687870000000004,22.72889,83.91051,40.68312,171.70771000000002,32.0,17.8,0.959471,97.0,,287.0,39.7,83184.0,56.1,116016.0,21.6,45809.0,36.6,37768.0,52.3,53325.0,42.8,45416.0,59.8,62691.0,372.0,36.5591,136.0,109.42255,11.67345,16.4142,21.36015,34.54848,1.7519200000000001,7.96,32.8,86.13,17.27068,65.3,3.71,3.5,531.54497,6.73,56.1,6.83,2880.71632,55.05806,55.05806,43.127590000000005,67.56902,63.954330000000006,0.69989,0.80872,335.98897999999997,5.580509999999999,13.0
Tanzania,2017,0.248307848,56.523540000000004,30.06581,42.36714,23.93112,85.19653000000001,42.49126,201.25503,,,292.898417,97.0,,269.0,38.3,81716.0,54.0,113824.0,21.1,45691.0,35.2,37018.0,50.3,52232.0,41.3,44698.0,57.6,61592.0,393.0,36.3868,143.0,66.98761999999999,11.74872,16.70765,22.38556,34.9632,1.70469,,32.81333,,16.75512,65.33835,3.87,3.4,692.32205,6.78,58.1,,3158.47893,38.59728,38.59728,43.127590000000005,67.56902,63.954330000000006,0.69392,0.75512,339.63912999999997,6.53874,16.0
Tanzania,2018,,,,,,,,,,,,,,,,,,,,,,,,,,,,,390.0,37.1795,145.0,,,,,,,,,,,,,3.3,,6.84,60.1,,,,,43.127590000000005,67.56902,63.954330000000006,0.6885899999999999,,,,
Tanzania,2019,,,,,,,,,,,,,,,,,,,,,,,,,,,,,393.0,36.8957,145.0,,,,,,,,,,,,,,,,,,,,,,,,0.68276,,,,
Lao PDR,2000,0.174294384,46.516059999999996,28.295,37.99092,17.37828,76.78209,67.05165,27.86365,37.7,2.0,39.094848,51.0,546.0,330.0,80.0,13477.0,112.6,19268.0,40.1,6800.0,71.8,5910.0,104.4,8739.0,87.7,7567.0,120.3,10529.0,99.0,21.2121,21.0,37.33124,61.568709999999996,72.91505,15.0426,21.46546,21.2868,4.35,43.065870000000004,81.6,28.16075,95.98221,4.06,3.5,73.38842,9.06,61.7,13.58,238.928,,,19.90486,59.532790000000006,45.04405,0.8182,0.03812,54.60426,7.93558,0.11
Lao PDR,2001,0.159338786,48.82481,31.30943,40.17648,20.18572,77.7894,68.56442,63.853280000000005,36.0,1.9,23.628577,52.0,519.0,317.0,77.8,12925.0,109.1,18396.0,39.4,6594.0,69.7,5659.0,101.0,8329.0,85.5,7266.0,116.8,10067.0,99.0,21.2121,21.0,34.544000000000004,58.86727,70.43855,17.709570000000003,21.74709,20.11335,4.29,45.879059999999996,81.15,30.90186,96.03990999999999,4.1,3.2,182.46432,9.6,68.1,13.58,201.18,,,19.90486,59.532790000000006,45.04405,0.81782,0.03927,28.39885,8.96835,0.18
Lao PDR,2002,0.204922834,51.12482,34.314040000000006,42.36524,22.99315,78.79671,70.0772,28.75678,33.9,1.9,8.651986,53.0,493.0,305.0,75.6,12433.0,105.7,17594.0,38.7,6427.0,67.7,5434.0,97.8,7951.0,83.2,6999.0,113.3,9643.0,99.0,21.2121,21.0,11.41838,56.17516,67.96204,20.176470000000002,22.02872,18.9399,4.17,46.3,80.25,30.536640000000002,96.09714,5.26,3.6,79.22094,9.69,72.4,13.58,221.47928,4.72584,4.72584,19.90486,59.532790000000006,45.04405,0.81738,0.04148,17.72171,9.38374,0.27
Lao PDR,2003,0.19249617,53.41333,37.305620000000005,44.55722,25.80058,79.80400999999999,71.58997,27.3327,31.4,1.8,10.018004,49.0,468.0,293.0,73.5,12006.0,102.4,16883.0,38.0,6278.0,65.7,5240.0,94.5,7619.0,80.9,6766.0,109.8,9264.0,109.0,22.9358,25.0,18.61153,53.49564,65.48554,22.64337,22.31035,17.76645,4.07,48.0,78.79,31.556729999999998,97.0,4.64,3.6,89.82438,9.64,75.3,13.58,107.52928,3.8368,3.8368,19.90486,59.532790000000006,45.04405,0.81687,0.03785,36.78689,10.904689999999999,0.33
Lao PDR,2004,0.241279085,55.69015,40.28432,46.75241,28.60802,80.81132,73.10275,29.2372,29.1,1.6,9.414022000000001,45.0,444.0,282.0,71.4,11633.0,99.1,16253.0,37.3,6154.0,63.7,5076.0,91.4,7325.0,78.6,6557.0,106.4,8928.0,109.0,22.9358,25.0,13.89458,50.828540000000004,63.00904,25.11027,22.59198,16.593,3.95,54.21324,74.03,39.263490000000004,96.23225,5.42,3.8,50.118809999999996,10.37,85.4,13.58,221.42762000000002,9.3039,9.3039,19.90486,59.532790000000006,45.04405,0.81593,0.03398,40.89379,9.95866,0.36
Lao PDR,2005,0.239364753,57.88626,43.16045,48.95082,31.35633,81.81862,74.77619,41.43547,27.0,1.6,21.838488,49.0,418.0,270.0,69.3,11303.0,95.9,15688.0,36.6,6047.0,61.8,4929.0,88.3,7063.0,76.4,6374.0,103.0,8625.0,109.0,22.9358,25.0,9.11514,48.26812,60.53253,27.525270000000003,22.87361,15.41956,3.82,57.2,73.98,44.13232,92.2,5.11,4.3,57.481,10.05,87.0,13.58,300.88301,1.5635299999999999,1.5635299999999999,19.90486,59.532790000000006,45.04405,0.8158,0.03034,54.55015,8.0607,0.85
Lao PDR,2006,0.257639791,59.94119,45.8487,51.152429999999995,34.09407,82.82592,76.45616,47.73941,25.9,1.5,17.402912,57.0,392.0,260.0,67.3,11000.0,92.6,15166.0,35.9,5948.0,60.0,4796.0,85.2,6818.0,74.1,6204.0,99.6,8348.0,109.0,22.9358,25.0,7.045780000000001,45.89966,58.05603000000001,29.93099,23.15524,14.24611,3.9,57.041059999999995,69.85,42.79653,94.13188000000001,-2.52,5.4,73.41583,10.54,89.0,13.58,1387.11801,2.03308,2.03308,19.90486,59.532790000000006,45.04405,0.81552,0.12272000000000001,65.65159,4.90926,1.17
Lao PDR,2007,0.145152072,61.98684,48.52182,53.35726999999999,36.82125,83.83321,78.14263000000001,67.33824,24.7,1.5,20.658302,50.0,366.0,249.0,65.2,10703.0,89.4,14666.0,35.1,5836.0,58.2,4665.0,82.2,6588.0,71.9,6038.0,96.1,8078.0,115.0,25.2174,29.0,12.36155,43.543279999999996,55.579530000000005,32.32743,23.43686,13.07266,3.9,62.3691,70.71,48.87509,96.53014,16.24,4.4,78.29804,10.84,106.3,13.58,567.86011,3.81249,3.81249,19.90486,59.532790000000006,45.04405,0.81489,0.1469,61.686119999999995,4.8924199999999995,1.64
Lao PDR,2008,0.148558737,64.02379,51.1811,55.56531,39.53787,84.84051,79.83561999999999,48.85117,23.9,1.4,25.011667000000003,61.0,341.0,240.0,63.2,10411.0,86.3,14195.0,34.3,5719.0,56.4,4538.0,79.3,6371.0,69.7,5873.0,92.9,7824.0,115.0,25.2174,29.0,21.66161,41.19801,53.103030000000004,34.71457,23.71849,11.89921,4.03,66.0,69.3,52.591069999999995,99.0,5.96,4.7,60.218090000000004,11.0,114.3,13.58,599.44988,18.58256,18.58256,19.90486,59.532790000000006,45.04405,0.81434,0.3265,64.0126,5.159590000000001,3.55
Lao PDR,2009,0.18532315800000002,66.05057,53.825,57.77656999999999,42.24391,85.8478,81.53513000000001,48.14654,22.3,1.4,17.416511,67.0,316.0,230.0,61.3,10114.0,83.3,13731.0,33.6,5594.0,54.7,4404.0,76.4,6150.0,67.7,5710.0,89.8,7581.0,115.0,25.2174,29.0,30.96518,38.86577,50.62652,37.09244,24.000120000000003,10.725760000000001,3.99,67.84194000000001,66.49,55.7417,96.79426,5.76,4.7,65.54166,10.93,120.1,13.58,486.85998,15.058079999999999,15.058079999999999,19.90486,59.532790000000006,45.04405,0.81371,0.6442100000000001,63.189569999999996,6.3945300000000005,6.0
Lao PDR,2010,0.239826791,68.06745,56.45443,59.991040000000005,44.93939,86.85509,83.24115,52.041990000000006,21.1,1.3,25.489687,74.0,294.0,221.0,59.5,9811.0,80.4,13265.0,32.8,5461.0,53.0,4271.0,73.7,5937.0,65.6,5540.0,86.8,7328.0,115.0,25.2174,29.0,35.97014,36.546,48.15002,39.46102,24.28175,9.55231,3.8,70.62976,64.89,59.3171,96.94569,6.5,5.7,100.9986,10.81,126.6,13.58,440.56771,35.97405,35.97405,19.90486,59.532790000000006,46.51334,0.81313,0.58608,97.22963,4.00706,7.0
Lao PDR,2011,0.231606118,70.07414,59.06949,62.20873,47.624309999999994,87.86238,84.95368,57.18838,19.6,1.2,28.130179,78.0,271.0,213.0,57.8,9500.0,77.7,12795.0,32.1,5325.0,51.4,4134.0,71.1,5720.0,63.7,5366.0,83.9,7075.0,115.0,25.2174,29.0,30.801809999999996,34.23898,45.67352,41.82031,24.56338,8.378860000000001,3.57,70.0,63.67,58.012980000000006,97.10958000000001,6.55,5.6,81.27841,10.98,137.0,13.58,394.45909,41.88912,41.88912,19.90486,59.532790000000006,46.51334,0.81288,1.2606600000000001,91.06779,6.692480000000001,9.0
Lao PDR,2012,0.23610549,72.07056,61.67065,64.42963,50.29866,88.86966,86.67273,56.79048,18.7,1.2,34.415191,79.0,250.0,204.0,56.0,9182.0,75.0,12314.0,31.5,5192.0,50.0,3996.0,68.6,5500.0,61.9,5186.0,81.1,6814.0,132.0,25.0,33.0,25.98795,31.9446,43.19701,44.170320000000004,24.845010000000002,7.205419999999999,3.37,76.36663,62.4,66.7857,97.43094,6.52,5.7,89.89211,11.66,154.9,13.58,803.2205799999999,23.73124,23.73124,19.90486,59.532790000000006,46.51334,0.81239,1.99177,82.76183,5.42857,10.75
Lao PDR,2013,0.21580311,74.05544,64.25655,66.65374,52.96244,89.87695,88.3983,57.62028000000001,17.7,1.2,39.214296999999995,87.0,230.0,197.0,54.5,8884.0,72.5,11862.0,30.8,5055.0,48.5,3864.0,66.2,5292.0,60.2,5020.0,78.5,6570.0,132.0,25.0,33.0,29.292790000000004,29.664579999999997,40.72051,46.51105,25.12664,6.031969999999999,3.42,79.49259,58.6,71.08362,97.46719,6.71,5.8,69.44136,11.17,158.4,13.58,486.5631,31.32607,31.32607,19.90486,59.532790000000006,46.51334,0.81196,1.42718,79.77022,5.7842400000000005,12.5
Lao PDR,2014,0.25441703,76.02923,66.82845,68.88107,55.61565,90.88423,90.13038,67.68998,17.2,1.1,35.001806,88.0,213.0,189.0,53.0,8599.0,70.1,11427.0,30.1,4921.0,47.1,3738.0,63.9,5088.0,58.5,4861.0,76.0,6339.0,132.0,25.0,33.0,55.60468,27.398059999999997,38.244009999999996,48.842490000000005,25.40827,4.8585199999999995,3.36,83.08733000000001,58.29,76.06409000000001,97.68269000000001,6.27,5.4,67.13255,11.39,171.7,13.58,719.20594,47.38317,47.38317,19.90486,59.532790000000006,46.51334,0.81161,1.41726,65.07294,5.34387,14.26
Lao PDR,2015,0.261854104,77.99141999999999,69.38611999999999,71.1116,58.2583,91.89151,91.86896999999999,68.42017,16.7,1.1,32.004197,89.0,197.0,182.0,51.5,8323.0,67.9,11010.0,29.5,4795.0,45.8,3618.0,61.8,4898.0,56.8,4705.0,73.6,6112.0,132.0,25.0,33.0,112.13332,25.14565,35.767509999999994,51.164640000000006,25.6899,3.6850699999999996,4.4,89.7,53.93,85.69093000000001,97.8,5.86,5.2,149.28089,11.09,176.9,13.58,525.53165,5.56985,5.56985,19.90486,59.532790000000006,46.51334,0.8113,1.31485,64.92036999999999,5.38564,18.2
Lao PDR,2016,0.280917046,79.9419,71.93005,73.34536,60.89038000000001,92.89879,93.61408,75.46574,16.6,1.1,0.590356,82.0,,175.0,50.1,8046.0,65.6,10592.0,28.9,4665.0,44.5,3496.0,59.7,4704.0,55.3,4550.0,71.3,5888.0,132.0,25.0,33.0,12.35983,22.90727,33.291,53.477509999999995,25.971529999999998,2.51162,5.94,90.81182,51.93,86.76116,98.76809,5.53,4.8,96.88606999999999,10.69,179.9,13.58,482.47860999999995,18.21711,18.21711,19.90486,59.532790000000006,46.51334,0.81096,1.1980600000000001,54.46371,7.18658,21.87
Lao PDR,2017,0.285495328,82.0619,74.45940999999999,75.58232,63.5119,94.43584,95.36570999999999,86.36695,,,32.095371,85.0,,168.0,48.6,7771.0,63.4,10178.0,28.2,4529.0,43.3,3380.0,57.7,4524.0,53.7,4391.0,68.9,5654.0,149.0,27.5168,41.0,65.79916999999999,20.684079999999998,30.8145,55.7811,26.253159999999998,1.33817,,93.6,,90.51048,99.5,5.34,4.7,150.43112,10.89,193.1,,626.93377,25.78866,25.78866,19.90486,59.532790000000006,46.51334,0.81058,1.49976,89.91018000000001,8.94139,25.51
Lao PDR,2018,,,,,,,,,,,,,,,,,,,,,,,,,,,,,149.0,27.5168,41.0,,,,,,,,,,,,,4.4,,11.1,207.0,,,,,19.90486,59.532790000000006,46.51334,0.81008,,,,
Lao PDR,2019,,,,,,,,,,,,,,,,,,,,,,,,,,,,,149.0,27.5168,41.0,,,,,,,,,,,,,,,,,,,,,,,,0.80958,,,,
